{"files":{"application-7b7b65b6dd0848655462727bb39e828d0e47e69bd7f2a96c42e57d79b3bb6e3e.js":{"logical_path":"application.js","mtime":"2018-04-10T22:35:03+00:00","size":497274,"digest":"7b7b65b6dd0848655462727bb39e828d0e47e69bd7f2a96c42e57d79b3bb6e3e","integrity":"sha256-e3tltt0ISGVUYnJ7s56CjQ5H5pvX8qlsQuV9ebO7bj4="},"application-bac0e1c9bfbea41486971755717ab47f5a5d3997b32ef0e53687cf31015c7f5a.css":{"logical_path":"application.css","mtime":"2018-04-10T22:35:03+00:00","size":1203474,"digest":"bac0e1c9bfbea41486971755717ab47f5a5d3997b32ef0e53687cf31015c7f5a","integrity":"sha256-usDhyb++pBSGlxdVcXq0f1pdOZezLvDlNofPMQFcf1o="},"bootstrap/glyphicons-halflings-regular-f495f34e4f177cf0115af995bbbfeb3fcabc88502876e76fc51a4ab439bc8431.eot":{"logical_path":"bootstrap/glyphicons-halflings-regular.eot","mtime":"2018-04-10T16:22:10+00:00","size":20335,"digest":"f495f34e4f177cf0115af995bbbfeb3fcabc88502876e76fc51a4ab439bc8431","integrity":"sha256-9JXzTk8XfPARWvmVu7/rP8q8iFAodudvxRpKtDm8hDE="},"bootstrap/glyphicons-halflings-regular-d168d50a88c730b4e6830dc0da2a2b51dae4658a77d9619943c27b8ecfc19d1a.svg":{"logical_path":"bootstrap/glyphicons-halflings-regular.svg","mtime":"2018-04-10T16:22:10+00:00","size":62927,"digest":"d168d50a88c730b4e6830dc0da2a2b51dae4658a77d9619943c27b8ecfc19d1a","integrity":"sha256-0WjVCojHMLTmgw3A2iorUdrkZYp32WGZQ8J7js/BnRo="},"bootstrap/glyphicons-halflings-regular-bd18efd3efd70fec8ad09611a20cdbf99440b2c1d40085c29be036f891d65358.ttf":{"logical_path":"bootstrap/glyphicons-halflings-regular.ttf","mtime":"2018-04-10T16:22:10+00:00","size":41280,"digest":"bd18efd3efd70fec8ad09611a20cdbf99440b2c1d40085c29be036f891d65358","integrity":"sha256-vRjv0+/XD+yK0JYRogzb+ZRAssHUAIXCm+A2+JHWU1g="},"bootstrap/glyphicons-halflings-regular-fc969dc1c6ff531abcf368089dcbaf5775133b0626ff56b52301a059fc0f9e1e.woff":{"logical_path":"bootstrap/glyphicons-halflings-regular.woff","mtime":"2018-04-10T16:22:10+00:00","size":23320,"digest":"fc969dc1c6ff531abcf368089dcbaf5775133b0626ff56b52301a059fc0f9e1e","integrity":"sha256-/Jadwcb/Uxq882gIncuvV3UTOwYm/1a1IwGgWfwPnh4="}},"assets":{"application.js":"application-7b7b65b6dd0848655462727bb39e828d0e47e69bd7f2a96c42e57d79b3bb6e3e.js","application.css":"application-bac0e1c9bfbea41486971755717ab47f5a5d3997b32ef0e53687cf31015c7f5a.css","bootstrap/glyphicons-halflings-regular.eot":"bootstrap/glyphicons-halflings-regular-f495f34e4f177cf0115af995bbbfeb3fcabc88502876e76fc51a4ab439bc8431.eot","bootstrap/glyphicons-halflings-regular.svg":"bootstrap/glyphicons-halflings-regular-d168d50a88c730b4e6830dc0da2a2b51dae4658a77d9619943c27b8ecfc19d1a.svg","bootstrap/glyphicons-halflings-regular.ttf":"bootstrap/glyphicons-halflings-regular-bd18efd3efd70fec8ad09611a20cdbf99440b2c1d40085c29be036f891d65358.ttf","bootstrap/glyphicons-halflings-regular.woff":"bootstrap/glyphicons-halflings-regular-fc969dc1c6ff531abcf368089dcbaf5775133b0626ff56b52301a059fc0f9e1e.woff"}}